CDS;Category
CMHJGECF_00001;NA
CMHJGECF_00002;NA
CMHJGECF_00003;NA
CMHJGECF_00004;NA
CMHJGECF_00005;NA
CMHJGECF_00006;NA
CMHJGECF_00007;NA
CMHJGECF_00008;NA
CMHJGECF_00009;NA
CMHJGECF_00010;NA
CMHJGECF_00011;NA
CMHJGECF_00012;NA
CMHJGECF_00013;NA
CMHJGECF_00014;NA
CMHJGECF_00015;NA
CMHJGECF_00016;NA
CMHJGECF_00017;NA
CMHJGECF_00018;NA
CMHJGECF_00019;NA
CMHJGECF_00020;NA
CMHJGECF_00021;NA
CMHJGECF_00022;NA
CMHJGECF_00023;NA
CMHJGECF_00024;NA
CMHJGECF_00025;NA
CMHJGECF_00026;NA
CMHJGECF_00027;NA
CMHJGECF_00028;Polysaccharide
CMHJGECF_00029;Polysaccharide
CMHJGECF_00030;NA
CMHJGECF_00031;NA
CMHJGECF_00032;NA
CMHJGECF_00033;NA
CMHJGECF_00034;NA
CMHJGECF_00035;NA
CMHJGECF_00036;NA
CMHJGECF_00038;NA
CMHJGECF_00039;NA
CMHJGECF_00040;NA
CMHJGECF_00041;ATP synthase
CMHJGECF_00042;ATP synthase
CMHJGECF_00043;ATP synthase
CMHJGECF_00044;ATP synthase
CMHJGECF_00045;ATP synthase
CMHJGECF_00046;ATP synthase
CMHJGECF_00047;ATP synthase
CMHJGECF_00048;ATP synthase
CMHJGECF_00049;NA
CMHJGECF_00050;NA
CMHJGECF_00051;NA
CMHJGECF_00052;NA
CMHJGECF_00053;NA
CMHJGECF_00054;NA
CMHJGECF_00055;NA
CMHJGECF_00056;NA
CMHJGECF_00057;NA
CMHJGECF_00058;NA
CMHJGECF_00059;NA
CMHJGECF_00060;NA
CMHJGECF_00061;NA
CMHJGECF_00062;NA
CMHJGECF_00064;NA
CMHJGECF_00065;NA
CMHJGECF_00066;NA
CMHJGECF_00067;NA
CMHJGECF_00068;NA
CMHJGECF_00069;NA
CMHJGECF_00070;NA
CMHJGECF_00071;NA
CMHJGECF_00072;NA
CMHJGECF_00073;NA
CMHJGECF_00074;NA
CMHJGECF_00075;NA
CMHJGECF_00076;NA
CMHJGECF_00077;NA
CMHJGECF_00078;NA
CMHJGECF_00079;NA
CMHJGECF_00080;NA
CMHJGECF_00081;NA
CMHJGECF_00082;NA
CMHJGECF_00083;NA
CMHJGECF_00084;NA
CMHJGECF_00085;NA
CMHJGECF_00086;NA
CMHJGECF_00087;NA
CMHJGECF_00088;NA
CMHJGECF_00089;NA
CMHJGECF_00090;NA
CMHJGECF_00091;TCA cycle
CMHJGECF_00092;NA
CMHJGECF_00093;NA
CMHJGECF_00094;NA
CMHJGECF_00095;NA
CMHJGECF_00096;NA
CMHJGECF_00097;NA
CMHJGECF_00098;NA
CMHJGECF_00099;NA
CMHJGECF_00101;NA
CMHJGECF_00102;NA
CMHJGECF_00103;NA
CMHJGECF_00104;NA
CMHJGECF_00105;NA
CMHJGECF_00106;NA
CMHJGECF_00107;NA
CMHJGECF_00108;NA
CMHJGECF_00109;NA
CMHJGECF_00110;NA
CMHJGECF_00111;NA
CMHJGECF_00112;NA
CMHJGECF_00113;NA
CMHJGECF_00114;TCA cycle
CMHJGECF_00115;TCA cycle
CMHJGECF_00116;NA
CMHJGECF_00117;NA
CMHJGECF_00118;NA
CMHJGECF_00119;NA
CMHJGECF_00120;NA
CMHJGECF_00121;NA
CMHJGECF_00122;NA
CMHJGECF_00123;NA
CMHJGECF_00124;NA
CMHJGECF_00125;NA
CMHJGECF_00126;NA
CMHJGECF_00127;NA
CMHJGECF_00128;NA
CMHJGECF_00129;NA
CMHJGECF_00130;NA
CMHJGECF_00131;NA
CMHJGECF_00132;NA
CMHJGECF_00133;NA
CMHJGECF_00134;NA
CMHJGECF_00135;NA
CMHJGECF_00136;NA
CMHJGECF_00137;NA
CMHJGECF_00138;NA
CMHJGECF_00139;NA
CMHJGECF_00140;NA
CMHJGECF_00141;NA
CMHJGECF_00142;NA
CMHJGECF_00143;NA
CMHJGECF_00144;NA
CMHJGECF_00145;NA
CMHJGECF_00146;NA
CMHJGECF_00147;NA
CMHJGECF_00148;NA
CMHJGECF_00149;NA
CMHJGECF_00150;NA
CMHJGECF_00151;NA
CMHJGECF_00152;NA
CMHJGECF_00153;NA
CMHJGECF_00154;NA
CMHJGECF_00155;NA
CMHJGECF_00156;NA
CMHJGECF_00157;NA
CMHJGECF_00158;NA
CMHJGECF_00159;NA
CMHJGECF_00160;NA
CMHJGECF_00161;NA
CMHJGECF_00162;NA
CMHJGECF_00163;Polysaccharide
CMHJGECF_00164;NA
CMHJGECF_00165;NA
CMHJGECF_00166;NA
CMHJGECF_00167;NA
CMHJGECF_00168;NA
CMHJGECF_00169;NA
CMHJGECF_00170;NA
CMHJGECF_00171;NA
CMHJGECF_00172;NA
CMHJGECF_00173;NA
CMHJGECF_00174;NA
CMHJGECF_00175;NA
CMHJGECF_00177;NA
CMHJGECF_00178;NA
CMHJGECF_00179;NA
CMHJGECF_00180;NA
CMHJGECF_00181;NA
CMHJGECF_00182;NA
CMHJGECF_00183;NA
CMHJGECF_00184;NA
CMHJGECF_00185;NA
CMHJGECF_00186;NA
CMHJGECF_00187;NA
CMHJGECF_00188;NA
CMHJGECF_00189;NA
CMHJGECF_00190;NA
CMHJGECF_00191;NA
CMHJGECF_00192;NA
CMHJGECF_00193;NA
CMHJGECF_00194;NA
CMHJGECF_00195;NA
CMHJGECF_00196;NA
CMHJGECF_00197;NA
CMHJGECF_00198;NA
CMHJGECF_00199;NA
CMHJGECF_00200;NA
CMHJGECF_00201;NA
CMHJGECF_00202;NA
CMHJGECF_00203;NA
CMHJGECF_00204;NA
CMHJGECF_00205;NA
CMHJGECF_00206;NA
CMHJGECF_00207;NA
CMHJGECF_00208;NA
CMHJGECF_00209;NA
CMHJGECF_00210;NA
CMHJGECF_00211;NA
CMHJGECF_00212;NA
CMHJGECF_00213;NA
CMHJGECF_00215;NA
CMHJGECF_00216;NA
CMHJGECF_00217;NA
CMHJGECF_00218;NA
CMHJGECF_00219;NA
CMHJGECF_00220;NA
CMHJGECF_00221;NA
CMHJGECF_00222;NA
CMHJGECF_00223;NA
CMHJGECF_00224;NA
CMHJGECF_00225;NA
CMHJGECF_00226;NA
CMHJGECF_00227;NA
CMHJGECF_00228;NA
CMHJGECF_00229;Metal resistance
CMHJGECF_00230;NA
CMHJGECF_00231;NA
CMHJGECF_00232;NA
CMHJGECF_00233;Metal resistance
CMHJGECF_00234;Oxidative stress
CMHJGECF_00235;NA
CMHJGECF_00236;NA
CMHJGECF_00237;NA
CMHJGECF_00238;NA
CMHJGECF_00239;NA
CMHJGECF_00240;NA
CMHJGECF_00241;NA
CMHJGECF_00242;NA
CMHJGECF_00243;NA
CMHJGECF_00244;NA
CMHJGECF_00245;NA
CMHJGECF_00246;NA
CMHJGECF_00247;NA
CMHJGECF_00248;NA
CMHJGECF_00249;NA
CMHJGECF_00250;NA
CMHJGECF_00251;NA
CMHJGECF_00252;NA
CMHJGECF_00253;NA
CMHJGECF_00254;NA
CMHJGECF_00255;NA
CMHJGECF_00256;NA
CMHJGECF_00257;NA
CMHJGECF_00258;NA
CMHJGECF_00259;NA
CMHJGECF_00260;NA
CMHJGECF_00261;NA
CMHJGECF_00262;NA
CMHJGECF_00263;NA
CMHJGECF_00264;NA
CMHJGECF_00265;NA
CMHJGECF_00266;NA
CMHJGECF_00267;NA
CMHJGECF_00268;NA
CMHJGECF_00269;NA
CMHJGECF_00270;NA
CMHJGECF_00271;NA
CMHJGECF_00272;NA
CMHJGECF_00273;NA
CMHJGECF_00274;NA
CMHJGECF_00275;NA
CMHJGECF_00276;NA
CMHJGECF_00277;NA
CMHJGECF_00278;NA
CMHJGECF_00279;NA
CMHJGECF_00280;NA
CMHJGECF_00281;NA
CMHJGECF_00282;NA
CMHJGECF_00283;NA
CMHJGECF_00284;NA
CMHJGECF_00285;NA
CMHJGECF_00286;NA
CMHJGECF_00287;NA
CMHJGECF_00288;NA
CMHJGECF_00289;NA
CMHJGECF_00290;NA
CMHJGECF_00291;NA
CMHJGECF_00292;NA
CMHJGECF_00293;NA
CMHJGECF_00294;NA
CMHJGECF_00295;NA
CMHJGECF_00296;NA
CMHJGECF_00297;NA
CMHJGECF_00298;NA
CMHJGECF_00299;NA
CMHJGECF_00300;NA
CMHJGECF_00301;NA
CMHJGECF_00302;Motility
CMHJGECF_00303;Motility
CMHJGECF_00304;NA
CMHJGECF_00305;NA
CMHJGECF_00306;Motility
CMHJGECF_00307;NA
CMHJGECF_00308;Motility
CMHJGECF_00309;NA
CMHJGECF_00310;NA
CMHJGECF_00311;Motility
CMHJGECF_00312;Motility
CMHJGECF_00313;NA
CMHJGECF_00314;Motility
CMHJGECF_00315;Motility
CMHJGECF_00316;Motility
CMHJGECF_00317;Motility
CMHJGECF_00318;NA
CMHJGECF_00319;NA
CMHJGECF_00320;NA
CMHJGECF_00321;NA
CMHJGECF_00322;NA
CMHJGECF_00323;NA
CMHJGECF_00324;NA
CMHJGECF_00325;NA
CMHJGECF_00326;NA
CMHJGECF_00327;NA
CMHJGECF_00328;NA
CMHJGECF_00329;NA
CMHJGECF_00330;NA
CMHJGECF_00331;NA
CMHJGECF_00332;NA
CMHJGECF_00333;NA
CMHJGECF_00334;NADH dehydrogenase
CMHJGECF_00335;NA
CMHJGECF_00336;NA
CMHJGECF_00337;NA
CMHJGECF_00338;NA
CMHJGECF_00339;NA
CMHJGECF_00340;NA
CMHJGECF_00341;Polysaccharide
CMHJGECF_00342;NA
CMHJGECF_00343;Polysaccharide
CMHJGECF_00344;NA
CMHJGECF_00345;Polysaccharide
CMHJGECF_00347;NA
CMHJGECF_00348;NA
CMHJGECF_00349;NA
CMHJGECF_00350;NA
CMHJGECF_00351;NA
CMHJGECF_00352;NA
CMHJGECF_00353;NA
CMHJGECF_00354;Nitrogen fixation
CMHJGECF_00355;NA
CMHJGECF_00356;NA
CMHJGECF_00357;NA
CMHJGECF_00358;NA
CMHJGECF_00359;NA
CMHJGECF_00360;NA
CMHJGECF_00361;NA
CMHJGECF_00362;NA
CMHJGECF_00363;NA
CMHJGECF_00364;NA
CMHJGECF_00365;NA
CMHJGECF_00366;NA
CMHJGECF_00367;NA
CMHJGECF_00368;NA
CMHJGECF_00369;NA
CMHJGECF_00370;NA
CMHJGECF_00371;NA
CMHJGECF_00372;NA
CMHJGECF_00373;NA
CMHJGECF_00374;NA
CMHJGECF_00375;NA
CMHJGECF_00376;NA
CMHJGECF_00377;NA
CMHJGECF_00378;NA
CMHJGECF_00379;NA
CMHJGECF_00380;NA
CMHJGECF_00381;NA
CMHJGECF_00382;NA
CMHJGECF_00383;NA
CMHJGECF_00384;NA
CMHJGECF_00385;Polysaccharide
CMHJGECF_00386;NA
CMHJGECF_00387;NA
CMHJGECF_00388;NA
CMHJGECF_00389;NA
CMHJGECF_00390;NA
CMHJGECF_00391;NA
CMHJGECF_00392;NA
CMHJGECF_00393;NA
CMHJGECF_00394;NA
CMHJGECF_00395;NA
CMHJGECF_00397;NA
CMHJGECF_00398;NA
CMHJGECF_00399;NA
CMHJGECF_00400;NA
CMHJGECF_00401;NA
CMHJGECF_00402;NA
CMHJGECF_00403;NA
CMHJGECF_00404;NA
CMHJGECF_00405;NA
CMHJGECF_00406;NA
CMHJGECF_00407;NA
CMHJGECF_00408;NA
CMHJGECF_00409;NA
CMHJGECF_00410;NA
CMHJGECF_00411;NA
CMHJGECF_00412;NA
CMHJGECF_00413;NA
CMHJGECF_00414;NA
CMHJGECF_00415;NA
CMHJGECF_00416;NA
CMHJGECF_00417;NA
CMHJGECF_00418;NA
CMHJGECF_00419;NA
CMHJGECF_00420;NA
CMHJGECF_00421;NA
CMHJGECF_00422;NA
CMHJGECF_00423;NA
CMHJGECF_00424;NA
CMHJGECF_00425;NA
CMHJGECF_00426;NA
CMHJGECF_00427;NA
CMHJGECF_00428;NA
CMHJGECF_00429;NA
CMHJGECF_00430;NA
CMHJGECF_00431;NA
CMHJGECF_00432;NA
CMHJGECF_00433;NA
CMHJGECF_00434;NA
CMHJGECF_00435;NA
CMHJGECF_00436;NA
CMHJGECF_00437;NA
CMHJGECF_00438;NA
CMHJGECF_00439;NA
CMHJGECF_00440;NA
CMHJGECF_00441;NA
CMHJGECF_00442;NA
CMHJGECF_00443;NA
CMHJGECF_00444;NA
CMHJGECF_00445;NA
CMHJGECF_00446;NA
CMHJGECF_00447;NA
CMHJGECF_00448;NA
CMHJGECF_00449;NA
CMHJGECF_00451;NA
CMHJGECF_00452;NA
CMHJGECF_00453;NA
CMHJGECF_00454;NA
CMHJGECF_00455;NA
CMHJGECF_00456;NA
CMHJGECF_00457;NA
CMHJGECF_00459;NA
CMHJGECF_00460;NA
CMHJGECF_00461;NA
CMHJGECF_00462;NA
CMHJGECF_00463;NA
CMHJGECF_00464;NA
CMHJGECF_00465;NA
CMHJGECF_00466;NA
CMHJGECF_00467;NA
CMHJGECF_00468;NA
CMHJGECF_00469;NA
CMHJGECF_00470;NA
CMHJGECF_00471;NA
CMHJGECF_00472;NA
CMHJGECF_00473;NA
CMHJGECF_00474;NA
CMHJGECF_00475;NA
CMHJGECF_00476;NA
CMHJGECF_00477;NA
CMHJGECF_00478;NA
CMHJGECF_00479;NA
CMHJGECF_00480;NA
CMHJGECF_00481;NA
CMHJGECF_00482;NA
CMHJGECF_00483;NA
CMHJGECF_00484;NA
CMHJGECF_00485;NA
CMHJGECF_00486;NA
CMHJGECF_00487;NA
CMHJGECF_00488;NA
CMHJGECF_00489;NA
CMHJGECF_00490;NA
CMHJGECF_00491;NA
CMHJGECF_00492;NA
CMHJGECF_00493;NA
CMHJGECF_00494;NA
CMHJGECF_00495;NA
CMHJGECF_00496;NA
CMHJGECF_00497;NA
CMHJGECF_00498;NA
CMHJGECF_00499;NA
CMHJGECF_00500;NA
CMHJGECF_00501;NA
CMHJGECF_00502;NA
CMHJGECF_00503;NA
CMHJGECF_00505;NA
CMHJGECF_00506;NA
CMHJGECF_00507;NA
CMHJGECF_00508;NA
CMHJGECF_00509;NA
CMHJGECF_00510;NA
CMHJGECF_00511;NA
CMHJGECF_00512;NA
CMHJGECF_00513;NA
CMHJGECF_00514;NA
CMHJGECF_00515;NA
CMHJGECF_00516;NA
CMHJGECF_00517;NA
CMHJGECF_00518;NA
CMHJGECF_00519;NA
CMHJGECF_00520;NA
CMHJGECF_00521;NA
CMHJGECF_00522;NA
CMHJGECF_00523;NA
CMHJGECF_00524;NA
CMHJGECF_00525;NA
CMHJGECF_00526;NA
CMHJGECF_00527;NA
CMHJGECF_00528;NA
CMHJGECF_00529;NA
CMHJGECF_00530;NA
CMHJGECF_00531;NA
CMHJGECF_00532;NA
CMHJGECF_00533;NA
CMHJGECF_00534;NA
CMHJGECF_00535;NA
CMHJGECF_00536;NA
CMHJGECF_00537;NA
CMHJGECF_00538;NA
CMHJGECF_00539;NA
CMHJGECF_00540;NA
CMHJGECF_00541;NA
CMHJGECF_00542;NA
CMHJGECF_00543;NA
CMHJGECF_00544;NA
CMHJGECF_00545;NA
CMHJGECF_00546;NA
CMHJGECF_00547;NA
CMHJGECF_00548;NA
CMHJGECF_00549;NA
CMHJGECF_00550;NA
CMHJGECF_00551;NA
CMHJGECF_00552;NA
CMHJGECF_00553;NA
CMHJGECF_00554;NA
CMHJGECF_00555;NA
CMHJGECF_00556;NA
CMHJGECF_00557;NA
CMHJGECF_00558;NA
CMHJGECF_00559;NA
CMHJGECF_00560;NA
CMHJGECF_00561;NA
CMHJGECF_00562;NA
CMHJGECF_00563;NA
CMHJGECF_00564;NA
CMHJGECF_00565;NA
CMHJGECF_00566;NA
CMHJGECF_00567;NA
CMHJGECF_00568;NA
CMHJGECF_00569;NA
CMHJGECF_00570;NA
CMHJGECF_00571;NA
CMHJGECF_00572;NA
CMHJGECF_00573;NA
CMHJGECF_00574;NA
CMHJGECF_00575;NA
CMHJGECF_00576;NA
CMHJGECF_00577;NA
CMHJGECF_00578;NA
CMHJGECF_00579;NA
CMHJGECF_00581;NA
CMHJGECF_00582;NA
CMHJGECF_00583;NA
CMHJGECF_00584;NA
CMHJGECF_00585;NA
CMHJGECF_00586;NA
CMHJGECF_00587;NA
CMHJGECF_00588;NA
CMHJGECF_00589;NA
CMHJGECF_00590;NA
CMHJGECF_00591;NA
CMHJGECF_00592;NA
CMHJGECF_00593;NA
CMHJGECF_00594;NA
CMHJGECF_00595;NA
CMHJGECF_00596;NA
CMHJGECF_00597;NA
CMHJGECF_00598;NA
CMHJGECF_00599;NA
CMHJGECF_00600;NA
CMHJGECF_00601;NA
CMHJGECF_00602;NA
CMHJGECF_00603;NA
CMHJGECF_00604;NA
CMHJGECF_00605;NA
CMHJGECF_00606;NA
CMHJGECF_00607;NA
CMHJGECF_00608;NA
CMHJGECF_00609;Metal resistance
CMHJGECF_00610;NA
CMHJGECF_00611;NA
CMHJGECF_00612;NA
CMHJGECF_00613;NA
CMHJGECF_00614;NA
CMHJGECF_00615;NA
CMHJGECF_00616;Metal resistance
CMHJGECF_00617;NA
CMHJGECF_00618;NA
CMHJGECF_00619;NA
CMHJGECF_00620;Metal resistance
CMHJGECF_00621;NA
CMHJGECF_00622;Metal resistance
CMHJGECF_00623;Metal resistance
CMHJGECF_00624;NA
CMHJGECF_00625;NA
CMHJGECF_00626;NA
CMHJGECF_00627;NA
CMHJGECF_00628;NA
CMHJGECF_00629;NA
CMHJGECF_00630;NA
CMHJGECF_00631;NA
CMHJGECF_00632;NA
CMHJGECF_00633;NA
CMHJGECF_00634;NA
CMHJGECF_00635;NA
CMHJGECF_00636;NA
CMHJGECF_00637;NA
CMHJGECF_00638;NA
CMHJGECF_00639;NA
CMHJGECF_00640;NA
CMHJGECF_00641;NA
CMHJGECF_00643;NA
CMHJGECF_00644;NA
CMHJGECF_00645;NA
CMHJGECF_00646;NA
CMHJGECF_00647;NA
CMHJGECF_00648;NA
CMHJGECF_00649;NA
CMHJGECF_00650;NA
CMHJGECF_00651;NA
CMHJGECF_00652;NA
CMHJGECF_00653;NA
CMHJGECF_00654;NA
CMHJGECF_00655;NA
CMHJGECF_00656;NA
CMHJGECF_00657;NA
CMHJGECF_00659;NA
CMHJGECF_00660;NA
CMHJGECF_00661;NA
CMHJGECF_00662;NA
CMHJGECF_00663;NA
CMHJGECF_00664;NA
CMHJGECF_00665;NA
CMHJGECF_00666;NA
CMHJGECF_00667;NA
CMHJGECF_00668;NA
CMHJGECF_00669;NA
CMHJGECF_00670;NA
CMHJGECF_00671;NA
CMHJGECF_00672;NA
CMHJGECF_00673;NA
CMHJGECF_00674;Nitrogen fixation
CMHJGECF_00675;NA
CMHJGECF_00676;NA
CMHJGECF_00677;NA
CMHJGECF_00678;NA
CMHJGECF_00679;NA
CMHJGECF_00680;NA
CMHJGECF_00681;NA
CMHJGECF_00682;NA
CMHJGECF_00683;NA
CMHJGECF_00684;NA
CMHJGECF_00685;NA
CMHJGECF_00686;NA
CMHJGECF_00687;NA
CMHJGECF_00688;NA
CMHJGECF_00689;NA
CMHJGECF_00690;NA
CMHJGECF_00691;NA
CMHJGECF_00692;NA
CMHJGECF_00693;NA
CMHJGECF_00694;NA
CMHJGECF_00695;NA
CMHJGECF_00696;NA
CMHJGECF_00697;NA
CMHJGECF_00698;NA
CMHJGECF_00699;NA
CMHJGECF_00700;NA
CMHJGECF_00701;NA
CMHJGECF_00702;NA
CMHJGECF_00703;NA
CMHJGECF_00704;NA
CMHJGECF_00705;NA
CMHJGECF_00706;NA
CMHJGECF_00707;NA
CMHJGECF_00708;NA
CMHJGECF_00709;NA
CMHJGECF_00710;NA
CMHJGECF_00711;NA
CMHJGECF_00712;NA
CMHJGECF_00713;NA
CMHJGECF_00714;NA
CMHJGECF_00715;NA
CMHJGECF_00716;NA
CMHJGECF_00717;NA
CMHJGECF_00718;NA
CMHJGECF_00719;NA
CMHJGECF_00720;NA
CMHJGECF_00721;NA
CMHJGECF_00722;NA
CMHJGECF_00723;NA
CMHJGECF_00724;NA
CMHJGECF_00725;NA
CMHJGECF_00726;NA
CMHJGECF_00727;NA
CMHJGECF_00728;NA
CMHJGECF_00729;NA
CMHJGECF_00730;NA
CMHJGECF_00731;NA
CMHJGECF_00732;NA
CMHJGECF_00733;NA
CMHJGECF_00734;NA
CMHJGECF_00735;NA
CMHJGECF_00736;NA
CMHJGECF_00737;NA
CMHJGECF_00738;NA
CMHJGECF_00739;NA
CMHJGECF_00740;NA
CMHJGECF_00741;NA
CMHJGECF_00742;NA
CMHJGECF_00743;NA
CMHJGECF_00744;NA
CMHJGECF_00745;NA
CMHJGECF_00746;NA
CMHJGECF_00747;NA
CMHJGECF_00748;NA
CMHJGECF_00749;NA
CMHJGECF_00750;NA
CMHJGECF_00751;NA
CMHJGECF_00752;NA
CMHJGECF_00753;NA
CMHJGECF_00754;NA
CMHJGECF_00755;NA
CMHJGECF_00756;NA
CMHJGECF_00757;NA
CMHJGECF_00758;NA
CMHJGECF_00759;NA
CMHJGECF_00760;NA
CMHJGECF_00761;NA
CMHJGECF_00762;NA
CMHJGECF_00763;NA
CMHJGECF_00764;NA
CMHJGECF_00765;NA
CMHJGECF_00766;NA
CMHJGECF_00767;NA
CMHJGECF_00768;NA
CMHJGECF_00769;NA
CMHJGECF_00770;NA
CMHJGECF_00771;NA
CMHJGECF_00772;NA
CMHJGECF_00773;NA
CMHJGECF_00774;NA
CMHJGECF_00775;NA
CMHJGECF_00776;NA
CMHJGECF_00777;NA
CMHJGECF_00778;NA
CMHJGECF_00779;NA
CMHJGECF_00780;NA
CMHJGECF_00781;NA
CMHJGECF_00782;NA
CMHJGECF_00783;NA
CMHJGECF_00784;NA
CMHJGECF_00785;NA
CMHJGECF_00786;NA
CMHJGECF_00787;NA
CMHJGECF_00788;NA
CMHJGECF_00789;NA
CMHJGECF_00790;NA
CMHJGECF_00791;NA
CMHJGECF_00792;NA
CMHJGECF_00793;NA
CMHJGECF_00794;NA
CMHJGECF_00795;NA
CMHJGECF_00796;NA
CMHJGECF_00797;NA
CMHJGECF_00798;NA
CMHJGECF_00799;NA
CMHJGECF_00800;NA
CMHJGECF_00801;NA
CMHJGECF_00802;NA
CMHJGECF_00803;NA
CMHJGECF_00804;NA
CMHJGECF_00805;NA
CMHJGECF_00806;NA
CMHJGECF_00807;NA
CMHJGECF_00808;NA
CMHJGECF_00809;NA
CMHJGECF_00810;NA
CMHJGECF_00811;NA
CMHJGECF_00812;NA
CMHJGECF_00813;NA
CMHJGECF_00814;NA
CMHJGECF_00815;NA
CMHJGECF_00816;NA
CMHJGECF_00817;NA
CMHJGECF_00818;NA
CMHJGECF_00819;NA
CMHJGECF_00820;NA
CMHJGECF_00821;NA
CMHJGECF_00822;NA
CMHJGECF_00823;NA
CMHJGECF_00824;NA
CMHJGECF_00825;NA
CMHJGECF_00826;NA
CMHJGECF_00827;NA
CMHJGECF_00828;NA
CMHJGECF_00829;NA
CMHJGECF_00830;NA
CMHJGECF_00831;NA
CMHJGECF_00832;NA
CMHJGECF_00833;NA
CMHJGECF_00834;NA
CMHJGECF_00835;NA
CMHJGECF_00836;NA
CMHJGECF_00837;NA
CMHJGECF_00838;NA
CMHJGECF_00839;NA
CMHJGECF_00840;NA
CMHJGECF_00841;NADH dehydrogenase
CMHJGECF_00842;NADH dehydrogenase
CMHJGECF_00843;NA
CMHJGECF_00844;NA
CMHJGECF_00845;NA
CMHJGECF_00846;NA
CMHJGECF_00847;NA
CMHJGECF_00848;NA
CMHJGECF_00849;NADH dehydrogenase
CMHJGECF_00850;NA
CMHJGECF_00851;NA
CMHJGECF_00852;NA
CMHJGECF_00853;NA
CMHJGECF_00854;NA
CMHJGECF_00855;NA
CMHJGECF_00856;NA
CMHJGECF_00857;NA
CMHJGECF_00858;NA
CMHJGECF_00859;NA
CMHJGECF_00860;NA
CMHJGECF_00861;NA
CMHJGECF_00862;NA
CMHJGECF_00863;NA
CMHJGECF_00864;NA
CMHJGECF_00865;NA
CMHJGECF_00866;NA
CMHJGECF_00867;NA
CMHJGECF_00868;NA
CMHJGECF_00869;NA
CMHJGECF_00870;NA
CMHJGECF_00871;NA
CMHJGECF_00872;NA
CMHJGECF_00873;NA
CMHJGECF_00874;NA
CMHJGECF_00875;NA
CMHJGECF_00876;NA
CMHJGECF_00877;NA
CMHJGECF_00878;NA
CMHJGECF_00879;NA
CMHJGECF_00880;NA
CMHJGECF_00881;NA
CMHJGECF_00882;NA
CMHJGECF_00883;NA
CMHJGECF_00884;NA
CMHJGECF_00885;NA
CMHJGECF_00886;NA
CMHJGECF_00887;NA
CMHJGECF_00888;NA
CMHJGECF_00889;NA
CMHJGECF_00890;NA
CMHJGECF_00891;NA
CMHJGECF_00892;NA
CMHJGECF_00893;NA
CMHJGECF_00894;NA
CMHJGECF_00895;NA
CMHJGECF_00896;NA
CMHJGECF_00897;NA
CMHJGECF_00898;NA
CMHJGECF_00899;NA
CMHJGECF_00900;NA
CMHJGECF_00901;NA
CMHJGECF_00902;NA
CMHJGECF_00903;NA
CMHJGECF_00904;NA
CMHJGECF_00905;NA
CMHJGECF_00906;NA
CMHJGECF_00907;NA
CMHJGECF_00908;NA
CMHJGECF_00909;NA
CMHJGECF_00910;NA
CMHJGECF_00911;NA
CMHJGECF_00912;NA
CMHJGECF_00913;NA
CMHJGECF_00914;NA
CMHJGECF_00915;NA
CMHJGECF_00916;NA
CMHJGECF_00917;NA
CMHJGECF_00918;NA
CMHJGECF_00919;NA
CMHJGECF_00920;NA
CMHJGECF_00921;NA
CMHJGECF_00922;NA
CMHJGECF_00923;NA
CMHJGECF_00924;NA
CMHJGECF_00925;NA
CMHJGECF_00926;NA
CMHJGECF_00927;NA
CMHJGECF_00928;NA
CMHJGECF_00929;NA
CMHJGECF_00930;NA
CMHJGECF_00931;NA
CMHJGECF_00932;NA
CMHJGECF_00933;NA
CMHJGECF_00934;NA
CMHJGECF_00935;NA
CMHJGECF_00936;NA
CMHJGECF_00937;NA
CMHJGECF_00938;NA
CMHJGECF_00939;NA
CMHJGECF_00940;NA
CMHJGECF_00941;NA
CMHJGECF_00942;Chemotaxis
CMHJGECF_00943;NA
CMHJGECF_00944;NA
CMHJGECF_00945;NA
CMHJGECF_00946;NA
CMHJGECF_00947;NA
CMHJGECF_00948;NA
CMHJGECF_00949;NA
CMHJGECF_00951;NA
CMHJGECF_00952;NA
CMHJGECF_00953;NA
CMHJGECF_00954;NA
CMHJGECF_00955;NA
CMHJGECF_00956;NA
CMHJGECF_00957;NA
CMHJGECF_00958;NA
CMHJGECF_00959;NA
CMHJGECF_00960;NA
CMHJGECF_00961;NA
CMHJGECF_00962;NA
CMHJGECF_00963;NA
CMHJGECF_00964;NA
CMHJGECF_00965;NA
CMHJGECF_00966;NA
CMHJGECF_00967;NA
CMHJGECF_00968;NA
CMHJGECF_00969;NA
CMHJGECF_00970;NA
CMHJGECF_00971;NA
CMHJGECF_00972;NA
CMHJGECF_00973;NA
CMHJGECF_00974;NA
CMHJGECF_00975;NA
CMHJGECF_00976;NA
CMHJGECF_00977;NA
CMHJGECF_00978;NA
CMHJGECF_00979;NA
CMHJGECF_00981;NA
CMHJGECF_00982;NA
CMHJGECF_00983;NA
CMHJGECF_00984;NA
CMHJGECF_00985;NA
CMHJGECF_00986;NA
CMHJGECF_00987;NA
CMHJGECF_00988;NA
CMHJGECF_00989;NA
CMHJGECF_00990;NA
CMHJGECF_00991;NA
CMHJGECF_00992;NA
CMHJGECF_00993;NA
CMHJGECF_00995;NA
CMHJGECF_00996;NA
CMHJGECF_01000;NA
CMHJGECF_01002;NA
CMHJGECF_01003;NA
CMHJGECF_01004;NA
CMHJGECF_01005;NA
CMHJGECF_01006;NA
CMHJGECF_01007;NA
CMHJGECF_01008;NA
CMHJGECF_01009;NA
CMHJGECF_01010;NA
CMHJGECF_01011;NA
CMHJGECF_01012;NA
CMHJGECF_01013;NA
CMHJGECF_01014;NA
CMHJGECF_01015;NA
CMHJGECF_01016;NA
CMHJGECF_01017;NA
CMHJGECF_01018;NA
CMHJGECF_01019;NA
CMHJGECF_01020;NA
CMHJGECF_01021;NA
CMHJGECF_01022;NA
CMHJGECF_01023;NA
CMHJGECF_01024;NA
CMHJGECF_01025;NA
CMHJGECF_01026;NA
CMHJGECF_01027;NA
CMHJGECF_01028;NA
CMHJGECF_01029;NA
CMHJGECF_01030;NA
CMHJGECF_01031;NA
CMHJGECF_01032;NA
CMHJGECF_01033;NA
CMHJGECF_01034;NA
CMHJGECF_01035;NA
CMHJGECF_01036;NA
CMHJGECF_01037;NA
CMHJGECF_01038;NA
CMHJGECF_01039;NA
CMHJGECF_01040;NA
CMHJGECF_01041;NA
CMHJGECF_01042;NA
CMHJGECF_01043;NA
CMHJGECF_01044;NA
CMHJGECF_01045;NA
CMHJGECF_01046;NA
CMHJGECF_01047;NA
CMHJGECF_01048;NA
CMHJGECF_01049;NA
CMHJGECF_01050;NA
CMHJGECF_01051;NA
CMHJGECF_01052;NA
CMHJGECF_01053;NA
CMHJGECF_01054;NA
CMHJGECF_01055;NA
CMHJGECF_01056;NA
CMHJGECF_01057;NA
CMHJGECF_01058;NA
CMHJGECF_01059;NA
CMHJGECF_01060;NA
CMHJGECF_01061;NA
CMHJGECF_01062;NA
CMHJGECF_01063;NA
CMHJGECF_01064;NA
CMHJGECF_01065;NA
CMHJGECF_01066;NA
CMHJGECF_01067;NA
CMHJGECF_01068;NA
CMHJGECF_01069;NA
CMHJGECF_01070;NA
CMHJGECF_01071;NA
CMHJGECF_01072;NA
CMHJGECF_01073;NA
CMHJGECF_01074;NA
CMHJGECF_01075;NA
CMHJGECF_01076;NA
CMHJGECF_01077;NA
CMHJGECF_01078;NA
CMHJGECF_01079;NA
CMHJGECF_01080;NA
CMHJGECF_01081;NA
CMHJGECF_01082;NA
CMHJGECF_01083;NA
CMHJGECF_01084;NA
CMHJGECF_01085;NA
CMHJGECF_01086;NA
CMHJGECF_01087;NA
CMHJGECF_01088;NA
CMHJGECF_01089;NA
CMHJGECF_01090;NA
CMHJGECF_01091;NA
CMHJGECF_01092;NA
CMHJGECF_01093;NA
CMHJGECF_01094;NA
CMHJGECF_01095;NA
CMHJGECF_01096;NA
CMHJGECF_01097;NA
CMHJGECF_01098;NA
CMHJGECF_01099;NA
CMHJGECF_01100;NA
CMHJGECF_01101;NA
CMHJGECF_01102;NA
CMHJGECF_01103;NA
CMHJGECF_01104;NA
CMHJGECF_01105;NA
CMHJGECF_01106;NA
CMHJGECF_01107;NA
CMHJGECF_01108;NA
CMHJGECF_01109;NA
CMHJGECF_01110;NA
CMHJGECF_01111;NA
CMHJGECF_01112;NA
CMHJGECF_01113;NA
CMHJGECF_01114;NA
CMHJGECF_01115;NA
CMHJGECF_01116;NA
CMHJGECF_01117;NA
CMHJGECF_01118;NA
CMHJGECF_01119;NA
CMHJGECF_01120;TCA cycle
CMHJGECF_01122;NA
CMHJGECF_01123;NA
CMHJGECF_01124;NA
CMHJGECF_01125;NA
CMHJGECF_01126;NA
CMHJGECF_01127;NA
CMHJGECF_01128;NA
CMHJGECF_01129;NA
CMHJGECF_01130;NA
CMHJGECF_01131;NA
CMHJGECF_01132;NA
CMHJGECF_01133;NA
CMHJGECF_01134;NA
CMHJGECF_01135;NA
CMHJGECF_01136;NA
CMHJGECF_01137;NA
CMHJGECF_01138;NA
CMHJGECF_01139;NA
CMHJGECF_01140;NA
CMHJGECF_01141;NA
CMHJGECF_01142;NA
CMHJGECF_01143;NA
CMHJGECF_01144;NA
CMHJGECF_01145;NA
CMHJGECF_01146;NA
CMHJGECF_01147;NA
CMHJGECF_01148;NA
CMHJGECF_01149;Polysaccharide
CMHJGECF_01150;NA
CMHJGECF_01151;NA
CMHJGECF_01152;NA
CMHJGECF_01153;NA
CMHJGECF_01154;NA
CMHJGECF_01155;NA
CMHJGECF_01156;NA
CMHJGECF_01157;NA
CMHJGECF_01158;Metal resistance
CMHJGECF_01159;NA
CMHJGECF_01160;NA
CMHJGECF_01166;NA
CMHJGECF_01167;NA
CMHJGECF_01168;NA
CMHJGECF_01169;NA
CMHJGECF_01170;NA
CMHJGECF_01171;NA
CMHJGECF_01172;NA
CMHJGECF_01173;NA
CMHJGECF_01174;NA
CMHJGECF_01175;NA
CMHJGECF_01176;NA
CMHJGECF_01177;NA
CMHJGECF_01178;NA
CMHJGECF_01179;NA
CMHJGECF_01180;NA
CMHJGECF_01181;NA
CMHJGECF_01182;NA
CMHJGECF_01183;NA
CMHJGECF_01184;NA
CMHJGECF_01185;NA
CMHJGECF_01186;NA
CMHJGECF_01187;NA
CMHJGECF_01188;NA
CMHJGECF_01189;NA
CMHJGECF_01190;NA
CMHJGECF_01191;NA
CMHJGECF_01192;NA
CMHJGECF_01193;NA
CMHJGECF_01194;NA
CMHJGECF_01195;NA
CMHJGECF_01196;NA
CMHJGECF_01197;NA
CMHJGECF_01198;NA
CMHJGECF_01199;NA
CMHJGECF_01200;NA
CMHJGECF_01201;NA
CMHJGECF_01202;NA
CMHJGECF_01203;NA
CMHJGECF_01204;NA
CMHJGECF_01205;NA
CMHJGECF_01206;NA
CMHJGECF_01207;NA
CMHJGECF_01208;NA
CMHJGECF_01209;NA
CMHJGECF_01210;NA
CMHJGECF_01211;NA
CMHJGECF_01212;NA
CMHJGECF_01213;NA
CMHJGECF_01214;NA
CMHJGECF_01215;NA
CMHJGECF_01216;NA
CMHJGECF_01217;NA
CMHJGECF_01218;NA
CMHJGECF_01219;NA
CMHJGECF_01220;NA
CMHJGECF_01221;NA
CMHJGECF_01222;NA
CMHJGECF_01223;NA
CMHJGECF_01224;NA
CMHJGECF_01225;NA
CMHJGECF_01226;NA
CMHJGECF_01227;NA
CMHJGECF_01228;NA
CMHJGECF_01234;Chemotaxis
CMHJGECF_01235;NA
CMHJGECF_01236;NA
CMHJGECF_01237;NA
CMHJGECF_01238;NA
CMHJGECF_01239;NA
CMHJGECF_01240;NA
CMHJGECF_01241;NA
CMHJGECF_01242;NA
CMHJGECF_01243;NA
CMHJGECF_01244;NA
CMHJGECF_01245;NA
CMHJGECF_01247;NA
CMHJGECF_01248;NA
CMHJGECF_01249;NA
CMHJGECF_01250;NA
CMHJGECF_01251;NA
CMHJGECF_01252;NA
CMHJGECF_01253;NA
CMHJGECF_01254;NA
CMHJGECF_01255;NA
CMHJGECF_01256;NA
CMHJGECF_01257;NA
CMHJGECF_01258;NA
CMHJGECF_01259;NA
CMHJGECF_01260;NA
CMHJGECF_01261;NA
CMHJGECF_01262;NA
CMHJGECF_01263;NA
CMHJGECF_01264;NA
CMHJGECF_01265;NA
CMHJGECF_01266;NA
CMHJGECF_01267;NA
CMHJGECF_01268;NA
CMHJGECF_01269;NA
CMHJGECF_01270;NA
CMHJGECF_01271;NA
CMHJGECF_01272;NA
CMHJGECF_01273;NA
CMHJGECF_01274;NA
CMHJGECF_01275;NA
CMHJGECF_01276;NA
CMHJGECF_01277;NA
CMHJGECF_01278;NA
CMHJGECF_01279;NA
CMHJGECF_01280;NA
CMHJGECF_01281;NA
CMHJGECF_01282;NA
CMHJGECF_01283;NA
CMHJGECF_01284;NA
CMHJGECF_01285;NA
CMHJGECF_01286;NA
CMHJGECF_01287;NA
CMHJGECF_01288;NA
CMHJGECF_01289;NA
CMHJGECF_01290;NA
CMHJGECF_01291;NA
CMHJGECF_01292;NA
CMHJGECF_01293;NA
CMHJGECF_01294;NA
CMHJGECF_01295;NA
CMHJGECF_01296;NA
CMHJGECF_01297;NA
CMHJGECF_01298;NA
CMHJGECF_01299;NA
CMHJGECF_01300;NA
CMHJGECF_01301;NA
CMHJGECF_01302;NA
CMHJGECF_01303;NA
CMHJGECF_01304;NA
CMHJGECF_01305;NA
CMHJGECF_01306;NA
CMHJGECF_01307;NA
CMHJGECF_01308;NA
CMHJGECF_01309;NA
CMHJGECF_01310;NA
CMHJGECF_01311;NA
CMHJGECF_01312;NA
CMHJGECF_01313;NA
CMHJGECF_01314;NA
CMHJGECF_01315;NA
CMHJGECF_01316;NA
CMHJGECF_01317;NA
CMHJGECF_01318;NA
CMHJGECF_01319;NA
CMHJGECF_01320;NA
CMHJGECF_01322;NA
CMHJGECF_01323;Polysaccharide
CMHJGECF_01324;NA
CMHJGECF_01325;NA
CMHJGECF_01326;NA
CMHJGECF_01327;NA
CMHJGECF_01328;NA
CMHJGECF_01329;NA
CMHJGECF_01330;NA
CMHJGECF_01331;NA
CMHJGECF_01332;NA
CMHJGECF_01333;NA
CMHJGECF_01334;NA
CMHJGECF_01335;NA
CMHJGECF_01336;NA
CMHJGECF_01337;NA
CMHJGECF_01338;NA
CMHJGECF_01339;NA
CMHJGECF_01340;NA
CMHJGECF_01341;NA
CMHJGECF_01342;NA
CMHJGECF_01343;NA
CMHJGECF_01344;NA
CMHJGECF_01345;NA
CMHJGECF_01346;NA
CMHJGECF_01347;NA
CMHJGECF_01348;NA
CMHJGECF_01349;NA
CMHJGECF_01350;NA
CMHJGECF_01351;NA
CMHJGECF_01352;NA
CMHJGECF_01353;NA
CMHJGECF_01354;NA
CMHJGECF_01355;NA
CMHJGECF_01356;NA
CMHJGECF_01357;NA
CMHJGECF_01358;NA
CMHJGECF_01359;NA
CMHJGECF_01360;NA
CMHJGECF_01361;NA
CMHJGECF_01362;NA
CMHJGECF_01363;NA
CMHJGECF_01364;NA
CMHJGECF_01365;NA
CMHJGECF_01366;NA
CMHJGECF_01367;NA
CMHJGECF_01368;NA
CMHJGECF_01369;NA
CMHJGECF_01370;NA
CMHJGECF_01371;NA
CMHJGECF_01372;NA
CMHJGECF_01373;NA
CMHJGECF_01374;NA
CMHJGECF_01375;NA
CMHJGECF_01376;NA
CMHJGECF_01377;NA
CMHJGECF_01378;NA
CMHJGECF_01379;NA
CMHJGECF_01380;Polysaccharide
CMHJGECF_01381;NA
CMHJGECF_01382;NA
CMHJGECF_01383;NA
CMHJGECF_01384;NA
CMHJGECF_01385;NA
CMHJGECF_01386;NA
CMHJGECF_01387;NA
CMHJGECF_01388;Polysaccharide
CMHJGECF_01389;NA
CMHJGECF_01390;NA
CMHJGECF_01391;Polysaccharide
CMHJGECF_01392;Polysaccharide
CMHJGECF_01393;NA
CMHJGECF_01394;NA
CMHJGECF_01395;NA
CMHJGECF_01397;NA
CMHJGECF_01398;NA
CMHJGECF_01399;NA
CMHJGECF_01400;NA
CMHJGECF_01401;NA
CMHJGECF_01402;NA
CMHJGECF_01403;NA
CMHJGECF_01404;NA
CMHJGECF_01405;NA
CMHJGECF_01406;NA
CMHJGECF_01407;NA
CMHJGECF_01408;NA
CMHJGECF_01409;NA
CMHJGECF_01410;NA
CMHJGECF_01411;NA
CMHJGECF_01412;NA
CMHJGECF_01413;NA
CMHJGECF_01414;NA
CMHJGECF_01415;NA
CMHJGECF_01416;NA
CMHJGECF_01417;NA
CMHJGECF_01418;NA
CMHJGECF_01419;NA
CMHJGECF_01420;NA
CMHJGECF_01421;NA
CMHJGECF_01422;NA
CMHJGECF_01423;NA
CMHJGECF_01424;NA
CMHJGECF_01425;NA
CMHJGECF_01426;NA
CMHJGECF_01427;NA
CMHJGECF_01428;NA
CMHJGECF_01429;NA
CMHJGECF_01430;NA
CMHJGECF_01431;NA
CMHJGECF_01432;NA
CMHJGECF_01433;NA
CMHJGECF_01434;NA
CMHJGECF_01435;NA
CMHJGECF_01436;NA
CMHJGECF_01437;NA
CMHJGECF_01438;NA
CMHJGECF_01439;NA
CMHJGECF_01440;NA
CMHJGECF_01441;NA
CMHJGECF_01442;NA
CMHJGECF_01443;NA
CMHJGECF_01444;NA
CMHJGECF_01445;NA
CMHJGECF_01446;NA
CMHJGECF_01447;NA
CMHJGECF_01448;NA
CMHJGECF_01449;NA
CMHJGECF_01450;NA
CMHJGECF_01451;NA
CMHJGECF_01452;NA
CMHJGECF_01453;NA
CMHJGECF_01454;NA
CMHJGECF_01455;NA
CMHJGECF_01456;NA
CMHJGECF_01457;NA
CMHJGECF_01458;NA
CMHJGECF_01459;NA
CMHJGECF_01460;NA
CMHJGECF_01461;NA
CMHJGECF_01462;NA
CMHJGECF_01463;NA
CMHJGECF_01464;NA
CMHJGECF_01465;NA
CMHJGECF_01466;NA
CMHJGECF_01467;NADH dehydrogenase
CMHJGECF_01468;NA
CMHJGECF_01469;NA
CMHJGECF_01470;NA
CMHJGECF_01471;NA
CMHJGECF_01472;NA
CMHJGECF_01473;NA
CMHJGECF_01474;NA
CMHJGECF_01475;NA
CMHJGECF_01476;NA
CMHJGECF_01477;NA
CMHJGECF_01478;NA
CMHJGECF_01479;NA
CMHJGECF_01480;NA
CMHJGECF_01481;NA
CMHJGECF_01482;NA
CMHJGECF_01483;NA
CMHJGECF_01484;NA
CMHJGECF_01485;NA
CMHJGECF_01486;Metal resistance
CMHJGECF_01487;NA
CMHJGECF_01488;NA
CMHJGECF_01489;NA
CMHJGECF_01490;NA
CMHJGECF_01491;NA
CMHJGECF_01492;NA
CMHJGECF_01493;NA
CMHJGECF_01494;NA
CMHJGECF_01495;NA
CMHJGECF_01496;NA
CMHJGECF_01497;NA
CMHJGECF_01498;NA
CMHJGECF_01499;NA
CMHJGECF_01500;TCA cycle
CMHJGECF_01501;NA
CMHJGECF_01502;NA
CMHJGECF_01503;NA
CMHJGECF_01504;NA
CMHJGECF_01505;Nitrogen fixation
CMHJGECF_01506;NA
CMHJGECF_01507;NA
CMHJGECF_01508;NA
CMHJGECF_01509;NA
CMHJGECF_01510;NA
CMHJGECF_01511;NA
CMHJGECF_01512;NA
CMHJGECF_01513;NA
CMHJGECF_01514;NA
CMHJGECF_01515;NA
CMHJGECF_01516;NA
CMHJGECF_01517;NA
CMHJGECF_01518;NA
CMHJGECF_01519;NA
CMHJGECF_01520;NA
CMHJGECF_01521;NA
CMHJGECF_01522;NA
CMHJGECF_01523;Nitrogen fixation
CMHJGECF_01524;Nitrogen fixation
CMHJGECF_01525;Nitrogen fixation
CMHJGECF_01526;Nitrogen fixation
CMHJGECF_01527;NA
CMHJGECF_01528;NA
CMHJGECF_01529;NA
CMHJGECF_01530;NA
CMHJGECF_01531;NA
CMHJGECF_01532;Metal resistance
CMHJGECF_01533;Metal resistance
CMHJGECF_01534;NA
CMHJGECF_01535;NA
CMHJGECF_01536;NA
CMHJGECF_01537;NA
CMHJGECF_01538;NA
CMHJGECF_01539;NA
CMHJGECF_01540;NA
CMHJGECF_01541;NA
CMHJGECF_01542;NA
CMHJGECF_01543;NA
CMHJGECF_01544;NA
CMHJGECF_01545;NA
CMHJGECF_01546;NA
CMHJGECF_01547;NA
CMHJGECF_01548;NA
CMHJGECF_01549;NA
CMHJGECF_01550;NA
CMHJGECF_01551;NA
CMHJGECF_01552;NA
CMHJGECF_01553;NA
CMHJGECF_01554;NA
CMHJGECF_01555;NA
CMHJGECF_01556;NA
CMHJGECF_01557;NA
CMHJGECF_01558;NA
CMHJGECF_01559;NA
CMHJGECF_01560;NA
CMHJGECF_01561;NA
CMHJGECF_01562;NA
CMHJGECF_01563;NA
CMHJGECF_01564;NA
CMHJGECF_01565;NA
CMHJGECF_01566;NA
CMHJGECF_01567;NA
CMHJGECF_01568;NA
CMHJGECF_01569;NA
CMHJGECF_01570;NA
CMHJGECF_01571;NA
CMHJGECF_01572;NA
CMHJGECF_01573;NA
CMHJGECF_01574;NA
CMHJGECF_01575;NA
CMHJGECF_01576;NA
CMHJGECF_01577;NA
CMHJGECF_01578;NA
CMHJGECF_01579;NA
CMHJGECF_01580;NA
CMHJGECF_01581;NA
CMHJGECF_01582;NA
CMHJGECF_01583;NA
CMHJGECF_01584;NA
CMHJGECF_01585;NA
CMHJGECF_01586;NA
CMHJGECF_01587;NA
CMHJGECF_01588;NA
CMHJGECF_01589;NA
CMHJGECF_01590;NA
CMHJGECF_01591;NA
CMHJGECF_01592;NA
CMHJGECF_01593;NA
CMHJGECF_01594;NA
CMHJGECF_01595;NA
CMHJGECF_01596;NA
CMHJGECF_01597;NA
CMHJGECF_01598;NA
CMHJGECF_01599;NA
CMHJGECF_01600;NA
CMHJGECF_01601;NA
CMHJGECF_01602;NA
CMHJGECF_01603;NA
CMHJGECF_01604;NA
CMHJGECF_01605;NA
CMHJGECF_01606;NA
CMHJGECF_01607;NA
CMHJGECF_01608;NA
CMHJGECF_01609;NA
CMHJGECF_01610;NA
CMHJGECF_01611;NA
CMHJGECF_01612;NA
CMHJGECF_01613;NA
CMHJGECF_01614;NA
CMHJGECF_01615;NA
CMHJGECF_01616;NA
CMHJGECF_01617;NA
CMHJGECF_01618;NA
CMHJGECF_01619;NA
CMHJGECF_01620;NA
CMHJGECF_01621;NA
CMHJGECF_01622;NA
CMHJGECF_01623;NA
CMHJGECF_01624;NA
CMHJGECF_01625;NA
CMHJGECF_01626;NA
CMHJGECF_01627;NA
CMHJGECF_01628;NA
CMHJGECF_01629;NA
CMHJGECF_01630;NA
CMHJGECF_01631;NA
CMHJGECF_01632;NA
CMHJGECF_01633;NA
CMHJGECF_01634;NA
CMHJGECF_01635;NA
CMHJGECF_01636;NA
CMHJGECF_01637;NA
CMHJGECF_01638;NA
CMHJGECF_01639;NA
CMHJGECF_01640;NA
CMHJGECF_01641;NA
CMHJGECF_01642;NA
CMHJGECF_01643;NA
CMHJGECF_01644;NA
CMHJGECF_01645;NA
CMHJGECF_01646;NA
CMHJGECF_01647;NA
CMHJGECF_01648;NA
CMHJGECF_01649;NA
CMHJGECF_01650;NA
CMHJGECF_01651;NA
CMHJGECF_01652;NA
CMHJGECF_01653;NA
CMHJGECF_01654;NA
CMHJGECF_01655;NA
CMHJGECF_01656;NA
CMHJGECF_01657;NA
CMHJGECF_01658;NA
CMHJGECF_01659;NA
CMHJGECF_01660;NA
CMHJGECF_01661;NA
CMHJGECF_01662;NA
CMHJGECF_01663;NA
CMHJGECF_01664;NA
CMHJGECF_01665;NA
CMHJGECF_01666;NA
CMHJGECF_01667;NA
CMHJGECF_01668;NA
CMHJGECF_01669;NA
CMHJGECF_01670;NA
CMHJGECF_01671;NA
CMHJGECF_01672;NA
CMHJGECF_01673;NA
CMHJGECF_01674;NA
CMHJGECF_01675;NA
CMHJGECF_01676;NA
CMHJGECF_01677;NA
CMHJGECF_01678;NA
CMHJGECF_01679;NA
CMHJGECF_01680;NA
CMHJGECF_01681;NA
CMHJGECF_01682;NA
CMHJGECF_01683;NA
CMHJGECF_01684;NA
CMHJGECF_01685;NA
CMHJGECF_01686;NA
CMHJGECF_01687;NA
CMHJGECF_01688;NA
CMHJGECF_01689;NA
CMHJGECF_01690;NA
CMHJGECF_01691;NA
CMHJGECF_01692;NA
CMHJGECF_01693;NA
CMHJGECF_01694;NA
CMHJGECF_01695;NA
CMHJGECF_01696;NA
CMHJGECF_01697;NA
CMHJGECF_01698;NA
CMHJGECF_01699;NA
CMHJGECF_01700;NA
CMHJGECF_01701;NA
CMHJGECF_01702;NA
CMHJGECF_01703;NA
CMHJGECF_01704;NA
CMHJGECF_01705;NA
CMHJGECF_01706;NA
CMHJGECF_01707;NA
CMHJGECF_01708;NA
CMHJGECF_01709;NA
CMHJGECF_01710;NA
CMHJGECF_01711;NA
CMHJGECF_01712;NA
CMHJGECF_01713;NA
CMHJGECF_01714;NA
CMHJGECF_01715;NA
CMHJGECF_01716;NA
CMHJGECF_01717;NA
CMHJGECF_01718;NA
CMHJGECF_01719;NA
CMHJGECF_01720;NA
CMHJGECF_01721;NA
CMHJGECF_01722;NA
CMHJGECF_01723;NA
CMHJGECF_01724;NA
CMHJGECF_01725;NA
CMHJGECF_01726;NA
CMHJGECF_01727;NA
CMHJGECF_01728;NA
CMHJGECF_01729;NA
CMHJGECF_01730;NA
CMHJGECF_01731;NA
CMHJGECF_01732;NA
CMHJGECF_01733;NA
CMHJGECF_01734;NA
CMHJGECF_01735;NA
CMHJGECF_01736;NA
CMHJGECF_01737;NA
CMHJGECF_01738;NA
CMHJGECF_01739;NA
CMHJGECF_01740;NA
CMHJGECF_01741;NA
CMHJGECF_01742;NA
CMHJGECF_01743;NA
CMHJGECF_01744;NA
CMHJGECF_01745;NA
CMHJGECF_01746;Metal resistance
CMHJGECF_01747;NA
CMHJGECF_01748;NA
CMHJGECF_01749;NA
CMHJGECF_01750;NA
CMHJGECF_01751;NA
CMHJGECF_01752;NA
CMHJGECF_01753;NA
CMHJGECF_01754;NA
CMHJGECF_01755;NA
CMHJGECF_01757;NA
CMHJGECF_01758;NA
CMHJGECF_01759;NA
CMHJGECF_01760;NA
CMHJGECF_01761;NA
CMHJGECF_01762;NA
CMHJGECF_01763;NA
CMHJGECF_01764;NA
CMHJGECF_01765;NA
CMHJGECF_01766;NA
CMHJGECF_01767;NA
CMHJGECF_01770;NA
CMHJGECF_01771;NA
CMHJGECF_01772;NA
CMHJGECF_01773;NA
CMHJGECF_01774;NA
CMHJGECF_01775;NA
CMHJGECF_01776;NA
CMHJGECF_01777;NA
CMHJGECF_01778;NA
CMHJGECF_01779;NA
CMHJGECF_01780;NA
CMHJGECF_01781;NA
CMHJGECF_01782;NA
CMHJGECF_01783;NA
CMHJGECF_01784;NA
CMHJGECF_01785;NA
CMHJGECF_01786;TCA cycle
CMHJGECF_01787;NA
CMHJGECF_01788;NA
CMHJGECF_01789;NA
CMHJGECF_01790;NA
CMHJGECF_01791;NA
CMHJGECF_01792;NA
CMHJGECF_01793;NA
CMHJGECF_01794;NA
CMHJGECF_01795;NA
CMHJGECF_01796;NA
CMHJGECF_01797;NA
CMHJGECF_01798;NA
CMHJGECF_01799;NA
CMHJGECF_01800;NA
CMHJGECF_01801;NA
CMHJGECF_01802;NA
CMHJGECF_01803;NA
CMHJGECF_01804;NA
CMHJGECF_01805;NA
CMHJGECF_01806;NA
CMHJGECF_01807;NA
CMHJGECF_01808;NA
CMHJGECF_01809;NA
CMHJGECF_01810;NA
CMHJGECF_01811;NA
CMHJGECF_01812;Oxidative stress
CMHJGECF_01813;NA
CMHJGECF_01814;NA
CMHJGECF_01815;NA
CMHJGECF_01816;NA
CMHJGECF_01817;NA
CMHJGECF_01818;NA
CMHJGECF_01819;NA
CMHJGECF_01820;NA
CMHJGECF_01821;NA
CMHJGECF_01822;NA
CMHJGECF_01823;NA
CMHJGECF_01824;NA
CMHJGECF_01825;NA
CMHJGECF_01826;NA
CMHJGECF_01827;NA
CMHJGECF_01828;NA
CMHJGECF_01829;NA
CMHJGECF_01830;NA
CMHJGECF_01831;NA
CMHJGECF_01832;NA
CMHJGECF_01833;NA
CMHJGECF_01834;NA
CMHJGECF_01835;NA
CMHJGECF_01836;NA
CMHJGECF_01837;NA
CMHJGECF_01838;NA
CMHJGECF_01839;NA
CMHJGECF_01840;NA
CMHJGECF_01841;NA
CMHJGECF_01842;NA
CMHJGECF_01843;NA
CMHJGECF_01844;NA
CMHJGECF_01845;NA
CMHJGECF_01846;NA
CMHJGECF_01847;NA
CMHJGECF_01848;NA
CMHJGECF_01849;NA
CMHJGECF_01850;NA
CMHJGECF_01851;NA
CMHJGECF_01852;NA
CMHJGECF_01853;NA
CMHJGECF_01854;NA
CMHJGECF_01855;NA
CMHJGECF_01856;NA
CMHJGECF_01857;NA
CMHJGECF_01858;NA
CMHJGECF_01859;NA
CMHJGECF_01860;NA
CMHJGECF_01861;NA
CMHJGECF_01862;NA
CMHJGECF_01863;Chemotaxis
CMHJGECF_01865;NA
CMHJGECF_01866;NA
CMHJGECF_01867;NA
CMHJGECF_01868;NA
CMHJGECF_01869;NA
CMHJGECF_01870;NA
CMHJGECF_01871;NA
CMHJGECF_01872;NA
CMHJGECF_01873;NA
CMHJGECF_01874;NA
CMHJGECF_01875;NA
CMHJGECF_01876;NA
CMHJGECF_01877;NA
CMHJGECF_01878;NA
CMHJGECF_01879;NA
CMHJGECF_01880;NA
CMHJGECF_01881;NA
CMHJGECF_01882;NA
CMHJGECF_01883;NA
CMHJGECF_01884;NA
CMHJGECF_01885;NA
CMHJGECF_01886;NA
CMHJGECF_01887;NA
CMHJGECF_01888;NA
CMHJGECF_01889;NA
CMHJGECF_01890;NA
CMHJGECF_01891;NA
CMHJGECF_01892;NA
CMHJGECF_01893;NA
CMHJGECF_01894;NA
CMHJGECF_01895;NA
CMHJGECF_01896;NA
CMHJGECF_01897;NA
CMHJGECF_01898;NA
CMHJGECF_01899;NA
CMHJGECF_01900;NA
CMHJGECF_01901;NA
CMHJGECF_01902;NA
CMHJGECF_01903;NA
CMHJGECF_01904;NA
CMHJGECF_01905;NA
CMHJGECF_01906;NA
CMHJGECF_01907;NA
CMHJGECF_01908;NA
CMHJGECF_01909;NA
CMHJGECF_01910;NA
CMHJGECF_01911;Metal resistance
CMHJGECF_01912;NA
CMHJGECF_01913;NA
CMHJGECF_01914;NA
CMHJGECF_01915;NA
CMHJGECF_01916;NA
CMHJGECF_01917;NA
CMHJGECF_01918;NA
CMHJGECF_01919;NA
CMHJGECF_01920;NA
CMHJGECF_01921;NA
CMHJGECF_01922;NA
CMHJGECF_01923;NA
CMHJGECF_01924;NA
CMHJGECF_01925;NA
CMHJGECF_01926;Polysaccharide
CMHJGECF_01927;Polysaccharide
CMHJGECF_01928;NA
CMHJGECF_01929;NA
CMHJGECF_01930;NA
CMHJGECF_01931;NA
CMHJGECF_01932;NA
CMHJGECF_01933;NA
CMHJGECF_01934;NA
CMHJGECF_01935;NA
CMHJGECF_01936;NA
CMHJGECF_01937;NA
CMHJGECF_01938;NA
CMHJGECF_01940;NA
CMHJGECF_01941;NA
CMHJGECF_01942;NA
CMHJGECF_01943;NA
CMHJGECF_01944;NA
CMHJGECF_01945;NA
CMHJGECF_01946;NA
CMHJGECF_01947;NA
CMHJGECF_01948;NA
CMHJGECF_01949;NA
CMHJGECF_01950;NA
CMHJGECF_01951;NA
CMHJGECF_01952;NA
CMHJGECF_01953;NA
CMHJGECF_01954;NA
CMHJGECF_01955;NA
CMHJGECF_01956;NA
CMHJGECF_01957;NA
CMHJGECF_01958;NA
CMHJGECF_01959;NA
CMHJGECF_01960;NA
CMHJGECF_01961;NA
CMHJGECF_01962;NA
CMHJGECF_01963;NA
CMHJGECF_01964;NA
CMHJGECF_01965;NA
CMHJGECF_01966;NADH dehydrogenase
CMHJGECF_01967;NA
CMHJGECF_01968;NADH dehydrogenase
CMHJGECF_01969;NADH dehydrogenase
CMHJGECF_01970;NADH dehydrogenase
CMHJGECF_01971;NADH dehydrogenase
CMHJGECF_01972;NADH dehydrogenase
CMHJGECF_01973;NADH dehydrogenase
CMHJGECF_01974;NADH dehydrogenase
CMHJGECF_01975;NADH dehydrogenase
CMHJGECF_01976;NA
CMHJGECF_01977;NADH dehydrogenase
CMHJGECF_01978;NADH dehydrogenase
CMHJGECF_01979;NADH dehydrogenase
CMHJGECF_01980;NADH dehydrogenase
CMHJGECF_01981;NA
CMHJGECF_01982;NA
CMHJGECF_01983;NA
CMHJGECF_01984;NA
CMHJGECF_01985;NA
CMHJGECF_01986;NA
CMHJGECF_01987;NA
CMHJGECF_01988;NA
CMHJGECF_01989;NA
CMHJGECF_01990;NA
CMHJGECF_01991;NA
CMHJGECF_01992;NA
CMHJGECF_01993;NA
CMHJGECF_01994;NA
CMHJGECF_01995;NA
CMHJGECF_01996;NA
CMHJGECF_01997;NA
CMHJGECF_01998;NA
CMHJGECF_01999;NA
CMHJGECF_02000;NA
CMHJGECF_02001;NA
CMHJGECF_02002;NA
CMHJGECF_02003;NA
CMHJGECF_02004;NA
CMHJGECF_02005;NA
CMHJGECF_02006;NA
CMHJGECF_02007;NA
CMHJGECF_02008;NA
CMHJGECF_02009;NA
CMHJGECF_02010;NA
CMHJGECF_02011;Polysaccharide
CMHJGECF_02012;NA
CMHJGECF_02013;NA
CMHJGECF_02014;NA
CMHJGECF_02015;NA
CMHJGECF_02016;NA
CMHJGECF_02017;NA
CMHJGECF_02018;NA
CMHJGECF_02019;NA
CMHJGECF_02020;NA
CMHJGECF_02021;Metal resistance
CMHJGECF_02022;NA
CMHJGECF_02023;NA
CMHJGECF_02024;NA
CMHJGECF_02025;NA
CMHJGECF_02026;NA
CMHJGECF_02027;NA
CMHJGECF_02028;NA
CMHJGECF_02029;NA
CMHJGECF_02030;NA
CMHJGECF_02031;NA
CMHJGECF_02032;NA
CMHJGECF_02033;NA
CMHJGECF_02034;NA
CMHJGECF_02035;NA
CMHJGECF_02036;NA
CMHJGECF_02038;NA
CMHJGECF_02039;NA
CMHJGECF_02040;NA
CMHJGECF_02041;NA
CMHJGECF_02042;NA
CMHJGECF_02043;NA
CMHJGECF_02044;NA
CMHJGECF_02045;NA
CMHJGECF_02046;NA
CMHJGECF_02047;NA
CMHJGECF_02048;NA
CMHJGECF_02049;NA
CMHJGECF_02050;NA
CMHJGECF_02051;NA
CMHJGECF_02052;NA
CMHJGECF_02053;NA
CMHJGECF_02054;NA
CMHJGECF_02055;NA
CMHJGECF_02056;NA
CMHJGECF_02057;NA
CMHJGECF_02058;NA
CMHJGECF_02059;NA
CMHJGECF_02060;NA
CMHJGECF_02061;NA
CMHJGECF_02062;NA
CMHJGECF_02063;NA
CMHJGECF_02064;Polysaccharide
CMHJGECF_02065;NA
CMHJGECF_02066;NA
CMHJGECF_02067;NA
CMHJGECF_02068;NA
CMHJGECF_02069;NA
CMHJGECF_02070;NA
CMHJGECF_02071;NA
CMHJGECF_02072;NA
CMHJGECF_02073;NA
CMHJGECF_02074;NA
CMHJGECF_02075;NA
CMHJGECF_02076;NA
CMHJGECF_02077;NA
CMHJGECF_02078;NA
CMHJGECF_02079;NA
CMHJGECF_02080;TCA cycle
CMHJGECF_02081;TCA cycle
CMHJGECF_02082;NA
CMHJGECF_02083;NA
CMHJGECF_02084;NA
CMHJGECF_02085;NA
CMHJGECF_02086;NA
CMHJGECF_02087;NA
CMHJGECF_02088;NA
CMHJGECF_02089;NA
CMHJGECF_02091;NA
CMHJGECF_02092;NA
CMHJGECF_02093;NA
CMHJGECF_02094;NA
CMHJGECF_02095;NA
CMHJGECF_02096;NA
CMHJGECF_02097;NA
CMHJGECF_02098;NA
CMHJGECF_02099;NA
CMHJGECF_02100;NA
CMHJGECF_02101;NA
CMHJGECF_02102;NA
CMHJGECF_02103;NA
CMHJGECF_02104;NA
CMHJGECF_02105;NA
CMHJGECF_02106;NA
CMHJGECF_02107;NA
CMHJGECF_02108;Metal resistance
CMHJGECF_02109;NA
CMHJGECF_02110;NA
CMHJGECF_02111;NA
CMHJGECF_02112;NA
CMHJGECF_02113;NA
CMHJGECF_02114;NA
CMHJGECF_02115;NA
CMHJGECF_02116;NA
CMHJGECF_02117;NA
CMHJGECF_02118;NA
CMHJGECF_02119;NA
CMHJGECF_02120;NA
CMHJGECF_02121;NA
CMHJGECF_02122;NA
CMHJGECF_02123;NA
CMHJGECF_02124;NA
CMHJGECF_02125;NA
CMHJGECF_02126;NA
CMHJGECF_02127;NA
CMHJGECF_02128;NA
CMHJGECF_02129;NA
CMHJGECF_02130;NA
CMHJGECF_02131;NA
CMHJGECF_02132;NA
CMHJGECF_02133;NA
CMHJGECF_02134;NA
CMHJGECF_02135;NA
CMHJGECF_02136;NA
CMHJGECF_02137;NA
CMHJGECF_02138;NA
CMHJGECF_02139;NA
CMHJGECF_02140;NA
CMHJGECF_02141;NA
CMHJGECF_02142;NA
CMHJGECF_02143;NA
CMHJGECF_02144;NA
CMHJGECF_02145;NA
CMHJGECF_02146;NA
CMHJGECF_02147;NA
CMHJGECF_02148;NA
CMHJGECF_02149;NA
CMHJGECF_02150;NA
CMHJGECF_02151;NA
CMHJGECF_02152;NA
CMHJGECF_02153;NA
CMHJGECF_02154;NA
CMHJGECF_02155;NA
CMHJGECF_02156;NA
CMHJGECF_02157;NA
CMHJGECF_02158;NA
CMHJGECF_02159;NA
CMHJGECF_02160;NA
CMHJGECF_02161;NA
CMHJGECF_02162;NA
CMHJGECF_02163;NA
CMHJGECF_02164;NA
CMHJGECF_02165;NA
CMHJGECF_02166;NA
CMHJGECF_02167;NA
CMHJGECF_02168;NA
CMHJGECF_02169;NA
CMHJGECF_02170;NA
CMHJGECF_02171;NA
CMHJGECF_02172;NA
CMHJGECF_02173;NA
CMHJGECF_02174;NA
CMHJGECF_02175;NA
CMHJGECF_02176;NA
CMHJGECF_02177;NA
CMHJGECF_02178;NA
CMHJGECF_02179;TCA cycle
CMHJGECF_02180;TCA cycle
CMHJGECF_02181;NA
CMHJGECF_02183;NA
CMHJGECF_02184;NA
CMHJGECF_02185;NA
CMHJGECF_02186;NA
CMHJGECF_02187;NA
CMHJGECF_02188;NA
CMHJGECF_02189;NA
CMHJGECF_02190;NA
CMHJGECF_02191;NA
CMHJGECF_02192;NA
CMHJGECF_02193;NA
CMHJGECF_02194;NA
CMHJGECF_02197;NA
CMHJGECF_02198;NA
CMHJGECF_02199;NA
CMHJGECF_02200;NA
CMHJGECF_02201;NA
CMHJGECF_02202;NA
CMHJGECF_02203;NA
CMHJGECF_02204;NA
CMHJGECF_02205;NA
CMHJGECF_02206;NA
CMHJGECF_02207;NA
CMHJGECF_02208;NA
CMHJGECF_02209;NA
CMHJGECF_02210;NA
CMHJGECF_02211;NA
CMHJGECF_02212;NA
CMHJGECF_02213;NA
CMHJGECF_02214;NA
CMHJGECF_02215;NA
CMHJGECF_02216;NA
CMHJGECF_02217;NA
CMHJGECF_02218;NA
CMHJGECF_02219;NA
CMHJGECF_02220;NA
CMHJGECF_02221;NA
CMHJGECF_02222;NA
CMHJGECF_02223;NA
CMHJGECF_02224;NA
CMHJGECF_02225;NA
CMHJGECF_02226;NA
CMHJGECF_02227;NA
CMHJGECF_02228;NA
CMHJGECF_02229;NA
CMHJGECF_02230;NA
CMHJGECF_02231;NA
CMHJGECF_02232;NA
CMHJGECF_02233;NA
CMHJGECF_02234;NA
CMHJGECF_02235;NA
CMHJGECF_02237;NA
CMHJGECF_02238;NA
CMHJGECF_02239;NA
CMHJGECF_02240;NA
CMHJGECF_02241;NA
CMHJGECF_02242;NA
CMHJGECF_02243;NA
CMHJGECF_02244;NA
CMHJGECF_02245;NA
CMHJGECF_02246;NA
CMHJGECF_02247;NA
CMHJGECF_02248;NA
CMHJGECF_02249;NA
CMHJGECF_02250;NA
CMHJGECF_02251;NA
CMHJGECF_02252;NA
CMHJGECF_02253;NA
CMHJGECF_02254;NA
CMHJGECF_02255;NA
CMHJGECF_02256;NA
CMHJGECF_02257;NA
CMHJGECF_02258;NA
CMHJGECF_02259;NA
CMHJGECF_02260;NA
CMHJGECF_02261;NA
CMHJGECF_02262;NA
CMHJGECF_02263;NA
CMHJGECF_02264;NA
CMHJGECF_02265;NA
CMHJGECF_02266;NA
CMHJGECF_02267;NA
CMHJGECF_02268;NA
CMHJGECF_02269;NA
CMHJGECF_02270;NA
CMHJGECF_02271;NA
CMHJGECF_02272;NA
CMHJGECF_02273;NA
CMHJGECF_02274;NA
CMHJGECF_02275;NA
CMHJGECF_02276;NA
CMHJGECF_02277;NA
CMHJGECF_02278;NA
CMHJGECF_02279;NA
CMHJGECF_02280;NA
CMHJGECF_02281;NA
CMHJGECF_02282;NA
CMHJGECF_02283;NA
CMHJGECF_02284;NA
CMHJGECF_02285;NA
CMHJGECF_02286;NA
CMHJGECF_02287;NA
CMHJGECF_02288;NA
CMHJGECF_02289;NA
CMHJGECF_02290;NA
CMHJGECF_02291;NA
CMHJGECF_02292;NA
CMHJGECF_02293;NA
CMHJGECF_02294;NA
CMHJGECF_02295;NA
CMHJGECF_02297;NA
CMHJGECF_02298;NA
CMHJGECF_02299;NA
CMHJGECF_02300;NA
CMHJGECF_02301;NA
CMHJGECF_02302;NA
CMHJGECF_02303;NA
CMHJGECF_02304;NA
CMHJGECF_02305;NA
CMHJGECF_02306;NA
CMHJGECF_02307;NA
CMHJGECF_02308;NA
CMHJGECF_02309;NA
CMHJGECF_02311;NA
CMHJGECF_02312;NA
CMHJGECF_02313;NA
CMHJGECF_02314;NA
CMHJGECF_02315;NA
CMHJGECF_02316;NA
CMHJGECF_02317;NA
CMHJGECF_02318;Metal resistance
CMHJGECF_02319;Metal resistance
CMHJGECF_02321;NA
CMHJGECF_02322;NA
CMHJGECF_02324;NA
CMHJGECF_02325;NA
CMHJGECF_02326;NA
CMHJGECF_02327;NA
CMHJGECF_02328;NA
CMHJGECF_02329;NA
CMHJGECF_02330;NA
CMHJGECF_02331;NA
CMHJGECF_02332;NA
CMHJGECF_02333;NA
CMHJGECF_02334;NA
CMHJGECF_02335;NA
CMHJGECF_02336;NA
CMHJGECF_02337;NA
CMHJGECF_02338;NA
CMHJGECF_02339;NA
CMHJGECF_02340;NA
CMHJGECF_02341;NA
CMHJGECF_02342;NA
CMHJGECF_02343;NA
CMHJGECF_02344;NA
CMHJGECF_02345;NA
CMHJGECF_02346;NA
CMHJGECF_02347;NA
CMHJGECF_02348;NA
CMHJGECF_02349;NA
CMHJGECF_02350;NA
CMHJGECF_02351;NA
CMHJGECF_02352;NA
CMHJGECF_02353;NA
CMHJGECF_02354;NA
CMHJGECF_02355;NA
CMHJGECF_02356;NA
CMHJGECF_02357;NA
CMHJGECF_02358;NA
CMHJGECF_02359;NA
CMHJGECF_02360;NA
CMHJGECF_02361;NA
CMHJGECF_02362;NA
CMHJGECF_02363;NA
CMHJGECF_02364;NA
CMHJGECF_02365;NA
CMHJGECF_02366;NA
CMHJGECF_02367;NA
CMHJGECF_02368;Metal resistance
CMHJGECF_02369;NA
CMHJGECF_02370;NA
CMHJGECF_02371;NA
CMHJGECF_02372;NA
CMHJGECF_02373;NA
CMHJGECF_02374;NA
CMHJGECF_02375;NA
CMHJGECF_02376;NA
CMHJGECF_02377;NA
CMHJGECF_02378;NA
CMHJGECF_02379;NA
CMHJGECF_02380;NA
CMHJGECF_02381;NA
CMHJGECF_02382;NA
CMHJGECF_02383;NA
CMHJGECF_02384;NA
CMHJGECF_02385;NA
CMHJGECF_02386;NA
CMHJGECF_02387;NA
CMHJGECF_02388;NA
CMHJGECF_02389;NA
CMHJGECF_02390;NA
CMHJGECF_02391;NA
CMHJGECF_02392;NA
CMHJGECF_02393;NA
CMHJGECF_02394;NA
CMHJGECF_02395;NA
CMHJGECF_02396;NA
CMHJGECF_02397;NA
CMHJGECF_02398;NA
CMHJGECF_02399;NA
CMHJGECF_02400;NA
CMHJGECF_02401;NA
CMHJGECF_02402;NA
CMHJGECF_02403;NA
CMHJGECF_02404;NA
CMHJGECF_02405;NA
CMHJGECF_02406;NA
CMHJGECF_02407;NA
CMHJGECF_02409;NA
CMHJGECF_02410;NA
CMHJGECF_02411;NA
CMHJGECF_02412;NA
CMHJGECF_02413;NA
CMHJGECF_02414;NA
CMHJGECF_02415;NA
CMHJGECF_02416;NA
CMHJGECF_02417;NA
CMHJGECF_02418;NA
CMHJGECF_02419;NA
CMHJGECF_02420;NA
CMHJGECF_02421;NA
CMHJGECF_02422;NA
CMHJGECF_02423;NA
CMHJGECF_02424;NA
CMHJGECF_02425;NA
CMHJGECF_02426;NA
CMHJGECF_02427;NA
CMHJGECF_02428;NA
CMHJGECF_02429;NA
CMHJGECF_02430;NA
CMHJGECF_02431;NA
CMHJGECF_02432;NA
CMHJGECF_02433;NA
CMHJGECF_02434;NA
CMHJGECF_02435;NA
CMHJGECF_02436;NA
CMHJGECF_02437;NA
CMHJGECF_02438;NA
CMHJGECF_02439;NA
CMHJGECF_02440;NA
CMHJGECF_02441;NA
CMHJGECF_02442;NA
CMHJGECF_02443;NA
CMHJGECF_02444;NA
CMHJGECF_02445;NA
CMHJGECF_02446;NA
CMHJGECF_02447;NA
CMHJGECF_02448;NA
CMHJGECF_02449;NA
CMHJGECF_02450;NA
CMHJGECF_02451;NA
CMHJGECF_02452;NA
CMHJGECF_02453;NA
CMHJGECF_02454;NA
CMHJGECF_02455;NA
CMHJGECF_02456;NA
CMHJGECF_02457;Chemotaxis
CMHJGECF_02458;Chemotaxis
CMHJGECF_02459;Chemotaxis
CMHJGECF_02460;NA
CMHJGECF_02461;NA
CMHJGECF_02462;NA
CMHJGECF_02463;NA
CMHJGECF_02464;Motility
CMHJGECF_02465;Motility
CMHJGECF_02466;Motility
CMHJGECF_02467;Motility
CMHJGECF_02468;Motility
CMHJGECF_02469;Motility
CMHJGECF_02470;Motility
CMHJGECF_02471;NA
CMHJGECF_02472;Motility
CMHJGECF_02473;Motility
CMHJGECF_02474;NA
CMHJGECF_02475;NA
CMHJGECF_02476;NA
CMHJGECF_02477;NA
CMHJGECF_02478;NA
CMHJGECF_02479;NA
CMHJGECF_02480;Motility
CMHJGECF_02481;Motility
CMHJGECF_02482;Motility
CMHJGECF_02483;Motility
CMHJGECF_02484;Motility
CMHJGECF_02485;NA
CMHJGECF_02486;NA
CMHJGECF_02487;NA
CMHJGECF_02488;NA
CMHJGECF_02489;NA
CMHJGECF_02490;NA
CMHJGECF_02491;NA
CMHJGECF_02492;NA
CMHJGECF_02493;NA
CMHJGECF_02494;NA
CMHJGECF_02495;NA
CMHJGECF_02496;NA
CMHJGECF_02497;NA
CMHJGECF_02498;NA
CMHJGECF_02499;NA
CMHJGECF_02500;NA
CMHJGECF_02501;NA
CMHJGECF_02502;NA
CMHJGECF_02503;NA
CMHJGECF_02504;NA
CMHJGECF_02505;NA
CMHJGECF_02506;NA
CMHJGECF_02507;NA
CMHJGECF_02508;NA
CMHJGECF_02509;NA
CMHJGECF_02510;NA
CMHJGECF_02511;NA
CMHJGECF_02512;NA
CMHJGECF_02513;NA
CMHJGECF_02514;NA
CMHJGECF_02515;NA
CMHJGECF_02516;NA
CMHJGECF_02517;Metal resistance
CMHJGECF_02518;NA
CMHJGECF_02519;NA
CMHJGECF_02520;NA
CMHJGECF_02521;NA
CMHJGECF_02522;NA
CMHJGECF_02523;NA
CMHJGECF_02524;NA
CMHJGECF_02525;NA
CMHJGECF_02526;NA
CMHJGECF_02527;NA
CMHJGECF_02528;NA
CMHJGECF_02530;NA
CMHJGECF_02531;NA
CMHJGECF_02532;NA
CMHJGECF_02533;NA
CMHJGECF_02534;NA
CMHJGECF_02537;NA
CMHJGECF_02539;NA
CMHJGECF_02540;NA
CMHJGECF_02541;NA
CMHJGECF_02542;NA
CMHJGECF_02543;NA
CMHJGECF_02544;NA
CMHJGECF_02545;NA
CMHJGECF_02546;NA
CMHJGECF_02547;NA
CMHJGECF_02548;NA
CMHJGECF_02549;NA
CMHJGECF_02550;NA
CMHJGECF_02552;NA
CMHJGECF_02553;NA
CMHJGECF_02554;NA
CMHJGECF_02555;NA
CMHJGECF_02556;NA
CMHJGECF_02557;NA
CMHJGECF_02558;NA
CMHJGECF_02559;NA
CMHJGECF_02560;NA
CMHJGECF_02561;NA
CMHJGECF_02562;NA
CMHJGECF_02563;NA
CMHJGECF_02564;NA
CMHJGECF_02565;NA
CMHJGECF_02566;NA
CMHJGECF_02567;NA
CMHJGECF_02568;NA
CMHJGECF_02569;NA
CMHJGECF_02570;NA
CMHJGECF_02571;NA
CMHJGECF_02572;NA
CMHJGECF_02573;NA
CMHJGECF_02574;NA
CMHJGECF_02575;NA
CMHJGECF_02576;NA
CMHJGECF_02577;NA
CMHJGECF_02578;NA
CMHJGECF_02579;NA
CMHJGECF_02580;NA
CMHJGECF_02581;NA
CMHJGECF_02582;NA
CMHJGECF_02583;NA
CMHJGECF_02584;NA
CMHJGECF_02585;NA
CMHJGECF_02586;NA
CMHJGECF_02587;NA
CMHJGECF_02588;NA
CMHJGECF_02589;NA
CMHJGECF_02590;NA
CMHJGECF_02591;NA
CMHJGECF_02592;NA
CMHJGECF_02593;NA
CMHJGECF_02594;NA
CMHJGECF_02595;NA
CMHJGECF_02596;NA
CMHJGECF_02597;NA
CMHJGECF_02598;NA
CMHJGECF_02599;NA
CMHJGECF_02600;NA
